{"cameraMode":{"drawMode":0,"name":"Shaded","section":"Shading Mode"},"sceneLighting":false,"audioPlay":false,"sceneViewState":{"m_AlwaysRefresh":false,"showFog":true,"showSkybox":false,"showFlares":true,"showImageEffects":true,"showParticleSystems":true,"showVisualEffectGraphs":true,"m_FxEnabled":true},"in2DMode":false,"pivot":{"x":25.07468032836914,"y":-15.658016204833985,"z":-66.18077087402344},"rotation":{"x":0.011429710313677788,"y":0.9881293773651123,"z":-0.12215660512447357,"w":0.09245620667934418},"size":36.72947311401367,"orthographic":false}